student_id,age,gender,ethnicity,parental_education,study_time_weekly,absences,tutoring,parental_support,extracurricular,sports,music,volunteering,gpa,grade_class,avg_daily_study_hours,performance_group,attendance_risk,tutoring_flag,parental_support_flag,study_efficiency,risk_score,risk_level
1001,17,1,0,2,19.83,7,1,2,0,0,1,0,2.93,2,2.83,Medium,Medium Risk,0,0,0.14066250600096017,0.25182758620689655,Low
1002,18,0,0,1,15.41,0,0,1,0,0,0,0,3.04,1,2.2,Medium,Low Risk,0,0,0.18525289457647776,0.096,Low
1003,15,0,2,3,4.21,26,0,2,0,0,0,0,0.11,4,0.6,Low,High Risk,0,0,0.02111324376199616,0.9269310344827586,High
1004,17,1,0,3,10.03,14,0,3,1,0,0,0,2.05,3,1.43,Medium,High Risk,0,0,0.18585675430643697,0.4846551724137932,Medium
1005,17,1,0,2,4.67,17,1,3,0,0,0,0,1.29,4,0.67,Low,High Risk,0,0,0.22751322751322753,0.6227241379310344,Medium
1006,18,0,0,1,8.19,0,0,1,1,0,0,0,3.08,1,1.17,Medium,Low Risk,0,0,0.3351468988030468,0.092,Low
1007,15,0,1,1,15.6,10,0,3,0,1,0,0,2.75,2,2.23,Medium,High Risk,0,0,0.16566265060240962,0.3318965517241379,Medium
1008,15,1,1,4,15.42,22,1,1,1,0,0,0,1.36,4,2.2,Low,High Risk,0,0,0.08282582216808769,0.7191724137931034,High
1009,17,0,0,0,4.56,1,0,2,0,1,0,1,2.9,2,0.65,Medium,Low Risk,0,0,0.5215827338129496,0.13068965517241382,Low
1010,16,1,0,1,18.44,0,0,3,1,0,0,0,3.57,0,2.63,High,Low Risk,0,0,0.18364197530864196,0.04300000000000002,Low
1011,17,0,0,1,11.85,11,0,1,0,0,0,0,2.15,3,1.69,Medium,High Risk,0,0,0.16731517509727625,0.41258620689655173,Medium
1012,17,0,0,1,7.6,15,0,2,0,0,0,1,1.56,4,1.09,Low,High Risk,0,0,0.1813953488372093,0.5543448275862068,Medium
1013,17,0,1,1,10.04,21,0,3,1,0,0,0,1.52,4,1.43,Low,High Risk,0,0,0.13768115942028986,0.6824827586206896,High
1014,17,0,1,2,12.1,21,0,4,0,1,0,0,1.75,4,1.73,Low,High Risk,0,0,0.13358778625954199,0.6594827586206896,Medium
1015,18,1,0,1,11.2,9,1,2,0,0,0,0,2.4,3,1.6,Medium,Medium Risk,0,0,0.19672131147540983,0.3462068965517242,Medium
1016,15,0,0,2,9.73,17,1,0,0,1,0,0,1.34,4,1.39,Low,High Risk,0,0,0.12488350419384903,0.6177241379310345,Medium
1017,18,0,3,1,10.1,14,0,2,1,1,0,0,2.23,3,1.44,Medium,High Risk,0,0,0.2009009009009009,0.4666551724137932,Medium
1018,18,1,0,0,3.53,16,1,2,0,0,0,0,1.38,4,0.5,Low,High Risk,0,0,0.304635761589404,0.5930344827586207,Medium
1019,18,0,1,3,16.25,29,0,2,1,0,0,1,0.47,4,2.32,Low,High Risk,0,0,0.0272463768115942,0.9530000000000001,High
1020,17,0,0,1,10.84,9,0,2,0,0,1,0,2.4,3,1.55,Medium,Medium Risk,0,0,0.2027027027027027,0.3462068965517242,Medium
1021,16,1,0,3,2.62,2,0,3,0,0,0,1,2.78,2,0.37,Medium,Low Risk,0,0,0.7679558011049723,0.1633793103448276,Low
1022,15,0,0,2,15.32,25,0,1,1,0,0,0,0.35,4,2.19,Low,High Risk,0,0,0.021446078431372546,0.8822413793103447,High
1023,16,1,1,0,18.65,29,1,1,0,0,0,0,0.31,4,2.66,Low,High Risk,0,0,0.01577608142493639,0.969,High
1024,18,1,3,4,18.95,20,0,2,1,0,0,0,1.77,4,2.71,Low,High Risk,0,0,0.0887218045112782,0.6367931034482759,Medium
1025,18,1,0,1,7.38,15,0,2,0,0,0,0,1.51,4,1.05,Low,High Risk,0,0,0.18019093078758952,0.559344827586207,Medium
1026,16,1,0,3,2.71,5,0,4,0,0,1,0,2.98,2,0.39,Medium,Medium Risk,0,0,0.8032345013477089,0.20544827586206899,Low
1027,16,0,0,1,10.37,2,0,2,0,1,0,0,2.95,2,1.48,Medium,Low Risk,0,0,0.25945470536499565,0.14637931034482757,Low
1028,16,1,0,3,2.25,8,0,3,0,0,1,0,2.15,3,0.32,Medium,Medium Risk,0,0,0.6615384615384615,0.3505172413793104,Medium
1029,18,0,0,0,18.68,10,0,3,1,0,0,0,2.85,2,2.67,Medium,High Risk,0,0,0.14481707317073172,0.3218965517241379,Low
1030,18,0,0,2,3.67,20,0,3,1,0,0,0,1.52,4,0.52,Low,High Risk,0,0,0.32548179871520344,0.6617931034482758,High
1031,15,0,2,2,5.06,12,1,0,0,1,0,0,1.73,4,0.72,Low,High Risk,0,0,0.2854785478547855,0.47527586206896555,Medium
1032,15,0,0,3,8.13,17,0,4,0,0,0,1,1.85,4,1.16,Low,High Risk,0,0,0.2026286966046002,0.5667241379310345,Medium
1033,18,0,0,3,7.66,25,0,1,0,1,0,0,0.38,4,1.09,Low,High Risk,0,0,0.04387990762124711,0.8792413793103449,High
1034,16,0,3,3,15.89,21,0,0,1,1,0,0,0.95,4,2.27,Low,High Risk,0,0,0.05624629958555358,0.7394827586206896,High
1035,16,0,0,3,9.13,27,1,2,1,1,0,0,1.14,4,1.3,Low,High Risk,0,0,0.11253701875616977,0.8446206896551725,High
1036,15,0,3,1,3.42,23,0,1,0,0,0,0,0.26,4,0.49,Low,High Risk,0,0,0.05882352941176471,0.8498620689655173,High
1037,18,0,0,1,5.34,26,1,1,0,0,0,0,0.22,4,0.76,Low,High Risk,0,0,0.03470031545741325,0.9159310344827586,High
1038,15,0,2,1,10.18,21,1,1,0,1,0,0,1.07,4,1.45,Low,High Risk,0,0,0.09570661896243292,0.7274827586206896,High
1039,15,1,1,1,2.95,3,1,1,1,1,0,0,3.02,1,0.42,Medium,Low Risk,0,0,0.7645569620253164,0.16006896551724137,Low
1040,17,1,2,1,12.23,21,1,3,1,1,0,0,1.53,4,1.75,Low,High Risk,0,0,0.11564625850340136,0.6814827586206896,High
1041,17,1,3,2,11.31,23,1,1,0,0,0,0,1.06,4,1.62,Low,High Risk,0,0,0.08610885458976442,0.7698620689655172,High
1042,17,0,0,1,14.29,7,0,2,0,0,0,0,2.63,2,2.04,Medium,Medium Risk,0,0,0.17200784826684107,0.2818275862068966,Low
1043,16,1,3,2,18.75,12,1,4,0,0,0,0,2.81,2,2.68,Medium,High Risk,0,0,0.14227848101265822,0.3672758620689655,Medium
1044,18,1,0,1,18.25,9,0,2,0,1,0,0,2.89,2,2.61,Medium,Medium Risk,0,0,0.15012987012987014,0.29720689655172416,Low
1045,18,1,0,1,18.92,1,1,3,1,1,0,0,4.0,0,2.7,High,Low Risk,0,0,0.2008032128514056,0.020689655172413793,Low
1046,18,0,0,2,4.89,7,0,4,0,0,1,0,2.52,2,0.7,Medium,Medium Risk,0,0,0.4278438030560272,0.29282758620689653,Low
1047,18,0,1,2,2.63,5,0,1,1,0,0,0,2.56,2,0.38,Medium,Medium Risk,0,0,0.7052341597796143,0.24744827586206897,Low
1048,17,0,0,2,6.05,15,0,2,0,0,0,0,1.7,4,0.86,Low,High Risk,0,0,0.24113475177304963,0.5403448275862068,Medium
1049,16,0,1,2,17.9,17,0,3,0,0,1,0,2.1,3,2.56,Medium,High Risk,0,0,0.11111111111111112,0.5417241379310345,Medium
1050,16,1,1,1,19.44,16,0,4,1,0,0,0,2.46,3,2.78,Medium,High Risk,0,0,0.12035225048923678,0.4850344827586207,Medium
1051,17,1,2,2,17.19,5,0,3,0,0,0,0,2.94,2,2.46,Medium,Medium Risk,0,0,0.1616272677295217,0.209448275862069,Low
1052,16,1,2,0,2.2,12,1,1,1,0,1,0,1.99,4,0.31,Low,High Risk,0,0,0.621875,0.4492758620689655,Medium
1053,17,1,0,1,18.95,22,0,4,0,0,1,0,1.57,4,2.71,Low,High Risk,0,0,0.0786967418546366,0.6981724137931034,High
1054,18,0,0,2,8.47,13,0,1,0,1,0,0,1.66,4,1.21,Low,High Risk,0,0,0.17529039070749733,0.5029655172413793,Medium
1055,17,0,0,0,0.19,29,1,2,1,1,0,0,0.76,4,0.03,Low,High Risk,0,0,0.638655462184874,0.924,High
1056,18,0,0,1,8.85,25,0,2,0,1,0,0,0.8,4,1.26,Low,High Risk,0,0,0.08121827411167513,0.8372413793103448,High
1057,18,1,0,4,0.92,20,0,2,0,1,1,0,1.34,4,0.13,Low,High Risk,0,0,0.6979166666666667,0.6797931034482758,High
1058,15,0,0,4,10.88,29,0,3,1,0,0,0,0.29,4,1.55,Low,High Risk,0,0,0.024410774410774407,0.971,High
1059,17,0,0,1,6.77,9,1,3,0,1,0,0,2.61,2,0.97,Medium,Medium Risk,0,0,0.3359073359073359,0.3252068965517242,Low
1060,15,1,3,0,9.47,23,0,3,0,1,0,0,0.93,4,1.35,Low,High Risk,0,0,0.08882521489971347,0.7828620689655172,High
1061,17,1,1,1,12.26,10,0,0,1,0,1,0,1.89,4,1.75,Low,High Risk,0,0,0.1425339366515837,0.417896551724138,Medium
1062,17,0,0,1,17.38,12,0,2,0,0,1,0,2.33,3,2.48,Medium,High Risk,0,0,0.12676822633297063,0.4152758620689655,Medium
1063,15,0,1,3,13.24,11,0,3,0,1,0,0,2.23,3,1.89,Medium,High Risk,0,0,0.15660112359550563,0.4045862068965517,Medium
1064,15,0,0,1,8.68,8,0,2,0,1,0,0,2.39,3,1.24,Medium,Medium Risk,0,0,0.246900826446281,0.3265172413793104,Low
1065,17,0,0,2,16.39,3,1,4,0,0,0,0,3.35,1,2.34,Medium,Low Risk,0,0,0.1926394479585969,0.12706896551724137,Low
1066,16,0,1,1,18.11,6,1,3,1,0,0,0,3.26,1,2.59,Medium,Medium Risk,0,0,0.1705913134484563,0.1981379310344828,Low
1067,18,0,0,4,2.4,23,0,3,0,1,0,0,1.04,4,0.34,Low,High Risk,0,0,0.3058823529411765,0.7718620689655172,High
1068,15,1,0,1,10.64,28,0,0,0,1,0,0,0.03,4,1.52,Low,High Risk,0,0,0.002577319587628866,0.9763103448275863,High
1069,18,1,3,2,5.69,21,1,3,0,0,1,0,1.33,4,0.81,Low,High Risk,0,0,0.19880418535127056,0.7014827586206897,High
1070,16,1,2,1,0.94,1,0,4,0,0,1,0,3.28,1,0.13,Medium,Low Risk,0,0,1.690721649484536,0.09268965517241382,Low
1071,16,0,1,2,13.37,6,0,2,1,0,0,0,2.94,2,1.91,Medium,Medium Risk,0,0,0.2045929018789144,0.23013793103448277,Low
1072,16,1,1,1,17.26,28,0,3,0,0,1,1,0.74,4,2.47,Low,High Risk,0,0,0.04052573932092004,0.9053103448275863,High
1073,15,0,1,1,3.26,8,0,2,1,1,0,0,2.56,2,0.47,Medium,Medium Risk,0,0,0.6009389671361502,0.30951724137931036,Low
1074,16,0,0,3,16.25,4,1,2,0,0,0,0,3.3,1,2.32,Medium,Low Risk,0,0,0.19130434782608693,0.15275862068965518,Low
1075,15,1,0,3,17.07,14,0,3,1,0,1,0,2.2,3,2.44,Medium,High Risk,0,0,0.12174875484228002,0.4696551724137931,Medium
1076,16,0,0,3,18.29,17,0,3,0,1,0,0,1.86,4,2.61,Low,High Risk,0,0,0.0964230171073095,0.5657241379310345,Medium
1077,18,0,0,2,5.31,3,0,3,0,0,0,0,2.73,2,0.76,Medium,Low Risk,0,0,0.4326465927099842,0.1890689655172414,Low
1078,18,1,1,3,18.08,18,1,1,1,1,0,0,2.13,3,2.58,Medium,High Risk,0,0,0.11163522012578617,0.5594137931034483,Medium
1079,17,1,0,0,6.41,19,0,1,0,0,0,0,0.98,4,0.92,Low,High Risk,0,0,0.13225371120107962,0.695103448275862,High
1080,18,1,3,1,11.05,25,0,3,0,1,0,0,0.99,4,1.58,Low,High Risk,0,0,0.08215767634854772,0.8182413793103447,High
1081,17,0,3,1,1.01,6,0,1,0,1,0,0,2.07,3,0.14,Medium,Medium Risk,0,0,1.0298507462686568,0.3171379310344828,Low
1082,18,1,2,2,0.88,25,0,2,0,0,0,0,0.5,4,0.13,Low,High Risk,0,0,0.26595744680851063,0.8672413793103448,High
1083,15,1,1,1,14.41,7,0,0,1,1,0,0,2.53,2,2.06,Medium,Medium Risk,0,0,0.16417910447761191,0.2918275862068966,Low
1084,18,0,2,1,8.89,16,0,1,0,1,0,0,1.46,4,1.27,Low,High Risk,0,0,0.14762386248736095,0.5850344827586207,Medium
1085,17,1,0,2,5.13,12,0,3,1,1,0,0,2.34,3,0.73,Medium,High Risk,0,0,0.3817292006525285,0.41427586206896555,Medium
1086,17,1,2,3,3.81,23,0,3,0,0,0,0,1.16,4,0.54,Low,High Risk,0,0,0.24116424116424112,0.7598620689655172,High
1087,16,1,0,1,13.4,20,1,1,1,0,1,1,1.52,4,1.91,Low,High Risk,0,0,0.10555555555555556,0.6617931034482758,High
1088,15,0,2,1,0.01,27,0,1,0,0,1,0,0.0,4,0.0,Low,High Risk,0,0,0.0,0.9586206896551724,High
1089,18,0,0,1,16.12,22,0,0,1,0,1,0,1.06,4,2.3,Low,High Risk,0,0,0.06191588785046729,0.7491724137931034,High
1090,16,0,2,1,1.58,10,0,2,0,0,1,1,2.23,3,0.23,Medium,High Risk,0,0,0.8643410852713178,0.38389655172413795,Medium
1091,18,0,3,1,3.83,26,0,1,0,0,0,1,0.19,4,0.55,Low,High Risk,0,0,0.039337474120082816,0.9189310344827586,High
1092,18,1,0,2,7.72,0,0,2,1,1,0,0,3.51,0,1.1,High,Low Risk,0,0,0.4025229357798165,0.04900000000000002,Low
1093,16,0,0,2,9.7,1,1,3,0,0,0,0,3.55,0,1.39,High,Low Risk,0,0,0.3317757009345794,0.06568965517241382,Low
1094,16,0,3,2,7.1,16,1,3,0,1,0,0,2.24,3,1.01,Medium,High Risk,0,0,0.27654320987654324,0.5070344827586206,Medium
1095,16,1,0,1,6.41,4,0,1,1,1,0,0,2.71,2,0.92,Medium,Low Risk,0,0,0.3657219973009447,0.21175862068965517,Low
1096,16,1,2,3,19.28,29,0,3,0,0,0,1,0.73,4,2.75,Low,High Risk,0,0,0.035996055226824454,0.927,High
1097,16,1,1,1,12.83,29,0,4,0,0,1,0,0.97,4,1.83,Low,High Risk,0,0,0.07013738250180766,0.903,High
1098,18,0,0,2,0.47,5,0,2,0,1,0,0,2.56,2,0.07,Medium,Medium Risk,0,0,1.741496598639456,0.24744827586206897,Low
1099,16,0,0,3,8.6,25,0,2,1,0,1,1,0.74,4,1.23,Low,High Risk,0,0,0.07708333333333334,0.8432413793103448,High
1100,15,0,0,1,17.5,24,0,2,0,0,0,0,0.72,4,2.5,Low,High Risk,0,0,0.03891891891891892,0.8245517241379311,High
1101,17,1,2,1,6.03,23,1,1,1,1,0,1,1.27,4,0.86,Low,High Risk,0,0,0.1806543385490754,0.7488620689655172,High
1102,16,1,0,3,1.89,6,0,3,1,0,1,1,2.53,2,0.27,Medium,Medium Risk,0,0,0.8754325259515571,0.2711379310344828,Low
1103,16,0,1,1,15.17,27,0,3,1,1,0,0,0.94,4,2.17,Low,High Risk,0,0,0.058132343846629554,0.8646206896551725,High
1104,18,1,0,2,12.12,20,1,2,0,1,0,0,1.52,4,1.73,Low,High Risk,0,0,0.11585365853658537,0.6617931034482758,High
1105,16,1,1,0,11.41,29,0,3,1,0,0,0,0.65,4,1.63,Low,High Risk,0,0,0.052377115229653506,0.935,High
1106,16,1,2,2,1.07,14,0,3,0,1,1,1,2.05,3,0.15,Medium,High Risk,0,0,0.9903381642512075,0.4846551724137932,Medium
1107,16,0,3,1,2.81,18,0,0,1,0,0,1,0.84,4,0.4,Low,High Risk,0,0,0.2204724409448819,0.6884137931034484,High
1108,18,1,0,0,12.45,15,0,1,0,1,0,0,1.46,4,1.78,Low,High Risk,0,0,0.10855018587360594,0.5643448275862069,Medium
1109,16,1,2,2,4.16,24,1,3,1,1,0,0,1.49,4,0.59,Low,High Risk,0,0,0.28875968992248063,0.747551724137931,High
1110,17,0,2,1,10.08,12,1,4,0,0,0,0,2.59,2,1.44,Medium,High Risk,0,0,0.23375451263537905,0.38927586206896553,Medium
1111,18,0,1,1,10.9,4,1,3,0,0,0,0,3.22,1,1.56,Medium,Low Risk,0,0,0.27058823529411763,0.16075862068965516,Low
1112,17,1,3,0,5.67,2,1,4,0,0,1,0,3.55,0,0.81,High,Low Risk,0,0,0.5322338830584707,0.0863793103448276,Low
1113,18,1,0,1,18.97,2,0,2,0,0,0,0,3.09,1,2.71,Medium,Low Risk,0,0,0.15473209814722083,0.1323793103448276,Low
1114,16,0,0,1,16.85,18,1,1,0,1,1,0,1.92,4,2.41,Low,High Risk,0,0,0.10756302521008403,0.5804137931034483,Medium
1115,17,0,2,0,14.45,13,1,2,0,0,0,0,2.2,3,2.06,Medium,High Risk,0,0,0.14239482200647252,0.4489655172413793,Medium
1116,18,1,0,3,1.56,15,0,0,0,0,0,1,0.88,4,0.22,Low,High Risk,0,0,0.34375,0.6223448275862069,Medium
1117,15,1,2,0,2.12,21,0,3,1,0,1,0,1.34,4,0.3,Low,High Risk,0,0,0.4294871794871795,0.7004827586206896,High
1118,16,1,2,2,9.86,16,0,4,0,0,0,0,1.82,4,1.41,Low,High Risk,0,0,0.1675874769797422,0.5490344827586207,Medium
1119,18,1,0,1,3.21,26,0,3,0,1,0,0,0.62,4,0.46,Low,High Risk,0,0,0.14726840855106887,0.8759310344827587,High
1120,15,0,2,1,19.57,3,0,2,1,0,1,1,3.62,0,2.8,High,Low Risk,0,0,0.1759844433641225,0.10006896551724137,Low
1121,18,1,0,3,3.17,12,1,1,1,1,0,0,2.17,3,0.45,Medium,High Risk,0,0,0.5203836930455635,0.4312758620689655,Medium
1122,15,1,1,1,9.75,7,1,1,0,1,1,0,2.97,2,1.39,Medium,Medium Risk,0,0,0.2762790697674419,0.24782758620689654,Low
1123,16,0,1,4,7.28,18,0,2,0,0,0,0,0.98,4,1.04,Low,High Risk,0,0,0.1183574879227053,0.6744137931034484,High
1124,17,1,3,1,12.79,4,0,3,0,0,0,0,3.1,1,1.83,Medium,Low Risk,0,0,0.2248005801305294,0.17275862068965517,Low
1125,15,0,0,2,2.58,1,1,2,1,0,1,0,3.5,1,0.37,Medium,Low Risk,0,0,0.9776536312849162,0.0706896551724138,Low
1126,18,1,0,2,8.61,14,0,4,1,0,0,0,2.59,2,1.23,Medium,High Risk,0,0,0.2695109261186264,0.43065517241379314,Medium
1127,16,1,1,3,5.49,1,0,3,1,0,0,0,3.54,0,0.78,High,Low Risk,0,0,0.5454545454545454,0.06668965517241379,Low
1128,15,0,2,2,17.76,10,1,1,0,1,0,0,2.82,2,2.54,Medium,High Risk,0,0,0.15031982942430702,0.32489655172413795,Low
1129,18,0,1,2,0.81,12,1,1,1,1,0,0,2.02,3,0.12,Medium,High Risk,0,0,1.1160220994475138,0.4462758620689655,Medium
1130,18,1,0,1,18.27,22,1,3,0,0,0,0,1.37,4,2.61,Low,High Risk,0,0,0.07109496626881164,0.7181724137931034,High
1131,18,1,0,1,16.66,9,0,1,0,0,0,0,2.1,3,2.38,Medium,Medium Risk,0,0,0.11891279728199321,0.3762068965517241,Medium
1132,15,1,0,3,5.95,2,0,3,0,0,0,0,3.03,1,0.85,Medium,Low Risk,0,0,0.4359712230215827,0.13837931034482762,Low
1133,15,0,2,1,15.79,4,1,2,0,1,0,0,3.58,0,2.26,High,Low Risk,0,0,0.21322215604526507,0.12475862068965517,Low
1134,15,1,0,1,0.62,2,0,1,1,0,0,0,2.43,3,0.09,Medium,Low Risk,0,0,1.5,0.1983793103448276,Low
1135,17,0,0,2,19.34,5,1,2,1,0,0,0,3.16,1,2.76,Medium,Medium Risk,0,0,0.1553588987217306,0.18744827586206897,Low
1136,15,0,3,1,10.53,12,0,2,1,0,0,0,2.12,3,1.5,Medium,High Risk,0,0,0.183868169991327,0.4362758620689655,Medium
1137,15,1,0,4,6.07,9,0,3,0,1,0,0,2.2,3,0.87,Medium,Medium Risk,0,0,0.3111739745403112,0.3662068965517241,Medium
1138,15,0,3,2,7.25,18,0,0,1,0,1,1,1.18,4,1.04,Low,High Risk,0,0,0.14303030303030304,0.6544137931034484,Medium
1139,17,1,1,2,1.33,7,0,3,1,0,0,0,2.74,2,0.19,Medium,Medium Risk,0,0,1.1759656652360515,0.2708275862068965,Low
1140,15,1,2,3,19.79,17,1,3,0,0,0,0,2.24,3,2.83,Medium,High Risk,0,0,0.10774410774410775,0.5277241379310345,Medium
1141,18,1,0,0,0.79,2,0,3,1,0,0,0,3.14,1,0.11,Medium,Low Risk,0,0,1.7541899441340782,0.12737931034482758,Low
1142,15,1,0,1,13.1,23,1,0,1,1,0,0,1.05,4,1.87,Low,High Risk,0,0,0.07446808510638299,0.7708620689655172,High
1143,18,1,2,2,8.85,23,1,3,0,0,0,0,0.82,4,1.26,Low,High Risk,0,0,0.083248730964467,0.7938620689655174,High
1144,18,0,2,1,18.98,16,0,2,1,0,1,0,2.03,3,2.71,Medium,High Risk,0,0,0.10160160160160159,0.5280344827586207,Medium
1145,18,0,2,2,4.92,7,1,2,1,1,0,0,2.43,3,0.7,Medium,Medium Risk,0,0,0.410472972972973,0.30182758620689654,Low
1146,17,1,0,3,10.64,9,0,3,1,0,0,0,2.66,2,1.52,Medium,Medium Risk,0,0,0.22852233676975944,0.32020689655172413,Low
1147,17,1,2,2,9.65,1,1,2,1,0,0,1,3.59,0,1.38,High,Low Risk,0,0,0.33708920187793423,0.06168965517241381,Low
1148,17,0,2,1,14.06,11,0,3,0,1,0,0,2.31,3,2.01,Medium,High Risk,0,0,0.15338645418326693,0.3965862068965517,Medium
1149,15,0,1,4,1.36,22,0,1,1,1,0,1,1.01,4,0.19,Low,High Risk,0,0,0.4279661016949152,0.7541724137931034,High
1150,18,0,2,2,3.88,5,0,3,1,0,0,0,2.88,2,0.55,Medium,Medium Risk,0,0,0.5901639344262295,0.215448275862069,Low
1151,17,0,2,2,4.29,1,0,1,0,1,1,0,2.8,2,0.61,Medium,Low Risk,0,0,0.5293005671077504,0.14068965517241383,Low
1152,17,1,1,1,14.76,20,1,3,0,1,0,0,1.76,4,2.11,Low,High Risk,0,0,0.1116751269035533,0.6377931034482759,Medium
1153,15,1,0,3,3.78,22,0,4,1,0,0,1,1.12,4,0.54,Low,High Risk,0,0,0.2343096234309624,0.7431724137931034,High
1154,17,0,0,2,11.47,23,0,2,0,0,0,0,1.03,4,1.64,Low,High Risk,0,0,0.08259823576583801,0.7728620689655172,High
1155,15,1,0,2,4.3,2,0,2,1,0,0,0,3.08,1,0.61,Medium,Low Risk,0,0,0.5811320754716981,0.13337931034482758,Low
1156,16,0,0,3,17.23,16,1,3,1,1,0,0,2.63,2,2.46,Medium,High Risk,0,0,0.14426769061985736,0.4680344827586207,Medium
1157,17,1,0,1,18.84,28,0,0,0,1,1,1,0.5,4,2.69,Low,High Risk,0,0,0.02520161290322581,0.9293103448275863,High
1158,16,0,0,2,10.37,6,0,2,0,0,0,0,2.78,2,1.48,Medium,Medium Risk,0,0,0.24450307827616535,0.24613793103448278,Low
1159,15,1,0,3,7.05,28,0,2,0,0,0,0,0.25,4,1.01,Low,High Risk,0,0,0.03105590062111801,0.9543103448275863,High
1160,18,0,0,1,4.68,20,0,3,0,0,0,1,1.19,4,0.67,Low,High Risk,0,0,0.20950704225352113,0.6947931034482759,High
1161,17,0,2,2,1.0,4,1,3,1,0,0,1,3.38,1,0.14,Medium,Low Risk,0,0,1.69,0.14475862068965517,Low
1162,15,1,3,3,5.37,22,1,3,0,0,0,0,1.29,4,0.77,Low,High Risk,0,0,0.20251177394034536,0.7261724137931034,High
1163,18,0,0,2,13.08,0,1,3,0,0,1,1,3.72,0,1.87,High,Low Risk,0,0,0.26420454545454547,0.027999999999999983,Low
1164,18,1,3,2,10.67,7,0,3,1,0,0,0,2.67,2,1.52,Medium,Medium Risk,0,0,0.2287917737789203,0.27782758620689657,Low
1165,16,1,1,3,18.88,11,1,2,1,0,0,0,2.37,3,2.7,Medium,High Risk,0,0,0.11921529175050304,0.3905862068965517,Medium
1166,15,0,0,3,7.93,13,0,2,0,1,0,0,1.62,4,1.13,Low,High Risk,0,0,0.18141097424412095,0.5069655172413793,Medium
1167,18,1,0,1,13.88,15,1,2,1,1,0,0,2.54,2,1.98,Medium,High Risk,0,0,0.17069892473118278,0.45634482758620687,Medium
1168,17,1,1,0,9.79,9,0,4,0,1,0,0,2.3,3,1.4,Medium,Medium Risk,0,0,0.21316033364226136,0.3562068965517242,Medium
1169,17,1,2,2,10.25,14,0,3,1,0,0,0,2.26,3,1.46,Medium,High Risk,0,0,0.20088888888888887,0.46365517241379317,Medium
1170,16,1,2,2,5.36,20,0,2,0,1,0,0,1.32,4,0.77,Low,High Risk,0,0,0.20754716981132076,0.6817931034482758,High
1171,18,1,0,2,9.1,23,0,3,0,1,0,0,0.95,4,1.3,Low,High Risk,0,0,0.09405940594059406,0.7808620689655172,High
1172,15,0,0,2,9.42,25,0,2,1,0,0,1,0.82,4,1.35,Low,High Risk,0,0,0.07869481765834932,0.8352413793103448,High
1173,17,1,0,1,14.13,14,1,3,0,0,0,0,2.34,3,2.02,Medium,High Risk,0,0,0.154659616655651,0.45565517241379316,Medium
1174,18,1,0,2,18.81,9,0,2,0,1,0,0,2.68,2,2.69,Medium,Medium Risk,0,0,0.13528520949015652,0.3182068965517241,Low
1175,18,1,0,1,6.59,20,1,1,1,0,0,0,1.54,4,0.94,Low,High Risk,0,0,0.2028985507246377,0.6597931034482758,Medium
1176,16,1,0,2,0.84,27,0,3,1,0,0,0,0.2,4,0.12,Low,High Risk,0,0,0.10869565217391305,0.9386206896551724,High
1177,17,1,2,2,9.93,6,0,3,0,0,0,0,2.75,2,1.42,Medium,Medium Risk,0,0,0.2516010978956999,0.24913793103448276,Low
1178,17,0,3,1,10.89,25,1,2,1,0,1,0,1.1,4,1.56,Low,High Risk,0,0,0.09251471825063079,0.8072413793103448,High
1179,15,1,0,1,3.37,2,0,2,1,0,0,0,2.55,2,0.48,Medium,Low Risk,0,0,0.5835240274599541,0.1863793103448276,Low
1180,17,0,3,2,15.21,1,0,3,1,0,0,1,3.27,1,2.17,Medium,Low Risk,0,0,0.2017273288093769,0.09368965517241379,Low
1181,15,0,0,2,19.7,5,1,3,0,0,0,0,3.19,1,2.81,Medium,Medium Risk,0,0,0.15410628019323672,0.18444827586206897,Low
1182,17,0,0,1,18.92,20,0,3,1,0,0,0,1.72,4,2.7,Low,High Risk,0,0,0.08634538152610441,0.6417931034482759,Medium
1183,16,0,0,4,3.94,8,0,2,1,1,0,0,2.34,3,0.56,Medium,Medium Risk,0,0,0.4736842105263158,0.3315172413793104,Medium
1184,17,1,1,2,17.51,9,1,4,1,1,0,0,3.27,1,2.5,Medium,Medium Risk,0,0,0.17666126418152348,0.25920689655172413,Low
1185,15,0,3,4,14.09,3,0,3,0,0,0,0,2.99,2,2.01,Medium,Low Risk,0,0,0.19814446653412857,0.16306896551724137,Low
1186,15,0,1,2,9.08,26,1,3,1,0,0,0,0.9,4,1.3,Low,High Risk,0,0,0.08928571428571429,0.8479310344827586,High
1187,16,1,0,2,10.81,2,0,3,0,0,0,0,2.96,2,1.54,Medium,Low Risk,0,0,0.2506350550381033,0.1453793103448276,Low
1188,17,1,1,3,16.99,8,0,1,1,0,0,0,2.67,2,2.43,Medium,Medium Risk,0,0,0.14841578654808227,0.29851724137931035,Low
1189,17,1,0,2,9.6,23,0,0,1,1,0,0,1.22,4,1.37,Low,High Risk,0,0,0.11509433962264151,0.7538620689655173,High
1190,16,0,2,2,7.46,21,1,3,0,0,0,0,1.37,4,1.07,Low,High Risk,0,0,0.1619385342789598,0.6974827586206896,High
1191,17,1,1,1,9.86,16,0,2,0,0,0,1,1.52,4,1.41,Low,High Risk,0,0,0.13996316758747698,0.5790344827586207,Medium
1192,17,1,0,2,11.58,13,1,3,0,0,0,0,2.23,3,1.65,Medium,High Risk,0,0,0.17726550079491254,0.44596551724137934,Medium
1193,15,0,1,1,3.78,9,0,2,1,0,0,0,2.14,3,0.54,Medium,Medium Risk,0,0,0.4476987447698746,0.3722068965517241,Medium
1194,17,1,1,1,18.02,12,0,2,0,0,0,0,2.26,3,2.57,Medium,High Risk,0,0,0.11882229232386961,0.42227586206896556,Medium
1195,17,1,0,0,13.48,11,1,1,1,0,1,0,2.75,2,1.93,Medium,High Risk,0,0,0.1899171270718232,0.35258620689655173,Medium
1196,16,1,1,0,12.67,26,0,3,1,1,0,0,0.9,4,1.81,Low,High Risk,0,0,0.06583760058522312,0.8479310344827586,High
1197,16,1,0,4,1.99,0,0,1,1,0,0,1,3.12,1,0.28,Medium,Low Risk,0,0,1.0434782608695652,0.088,Low
1198,18,0,2,1,12.08,27,0,3,1,0,1,0,1.29,4,1.73,Low,High Risk,0,0,0.09862385321100918,0.8296206896551724,High
1199,15,1,2,2,2.42,21,0,2,0,0,0,0,0.57,4,0.35,Low,High Risk,0,0,0.16666666666666666,0.7774827586206896,High
1200,17,1,2,3,1.57,28,0,3,1,0,0,0,0.58,4,0.22,Low,High Risk,0,0,0.22568093385214003,0.9213103448275863,High
1201,17,0,1,2,10.55,18,0,1,0,0,1,0,1.64,4,1.51,Low,High Risk,0,0,0.14199134199134197,0.6084137931034483,Medium
1202,18,1,1,1,8.06,18,0,1,0,0,0,0,1.23,4,1.15,Low,High Risk,0,0,0.1357615894039735,0.6494137931034483,Medium
1203,17,0,0,2,11.78,5,0,3,0,1,0,1,2.97,2,1.68,Medium,Medium Risk,0,0,0.23239436619718312,0.20644827586206893,Low
1204,15,1,2,2,1.78,12,0,2,1,0,0,0,2.01,3,0.25,Medium,High Risk,0,0,0.7230215827338128,0.4472758620689655,Medium
1205,18,0,0,2,8.62,18,0,1,1,0,0,0,1.15,4,1.23,Low,High Risk,0,0,0.11954261954261955,0.6574137931034483,Medium
1206,15,0,0,2,3.5,12,1,4,0,0,0,0,2.19,3,0.5,Medium,High Risk,0,0,0.48666666666666664,0.4292758620689655,Medium
1207,18,0,0,4,19.74,26,1,1,1,0,0,0,0.95,4,2.82,Low,High Risk,0,0,0.045805207328833177,0.8429310344827585,High
1208,18,0,0,2,11.22,25,0,2,1,0,0,0,0.57,4,1.6,Low,High Risk,0,0,0.04664484451718494,0.8602413793103447,High
1209,16,1,1,1,13.75,21,0,1,0,0,0,0,0.97,4,1.96,Low,High Risk,0,0,0.06576271186440678,0.7374827586206897,High
1210,15,0,0,2,6.51,20,1,2,1,0,1,1,1.66,4,0.93,Low,High Risk,0,0,0.2210386151797603,0.6477931034482758,Medium
1211,17,1,2,0,1.89,3,0,2,0,0,1,0,2.84,2,0.27,Medium,Low Risk,0,0,0.9826989619377163,0.17806896551724138,Low
1212,17,0,0,3,19.52,23,0,1,0,0,1,1,0.19,4,2.79,Low,High Risk,0,0,0.009259259259259259,0.8568620689655173,High
1213,15,0,0,1,5.73,1,0,3,1,0,0,0,3.26,1,0.82,Medium,Low Risk,0,0,0.4843982169390787,0.09468965517241382,Low
1214,17,0,1,1,8.48,14,1,2,0,0,0,0,1.92,4,1.21,Low,High Risk,0,0,0.20253164556962025,0.49765517241379315,Medium
1215,17,1,0,3,13.0,11,0,3,0,0,0,0,2.02,3,1.86,Medium,High Risk,0,0,0.1442857142857143,0.4255862068965517,Medium
1216,15,0,0,2,0.49,29,1,1,1,0,0,0,0.13,4,0.07,Low,High Risk,0,0,0.087248322147651,0.987,High
1217,18,1,2,1,16.21,26,1,2,1,0,0,0,1.29,4,2.32,Low,High Risk,0,0,0.07495642068564788,0.8089310344827586,High
1218,15,1,0,2,10.73,6,0,0,1,0,1,0,2.59,2,1.53,Medium,Medium Risk,0,0,0.2208013640238704,0.2651379310344828,Low
1219,18,1,2,3,5.56,19,1,3,0,0,0,0,1.46,4,0.79,Low,High Risk,0,0,0.2225609756097561,0.647103448275862,Medium
1220,17,1,0,1,1.23,17,0,3,0,0,0,0,1.47,4,0.18,Low,High Risk,0,0,0.6591928251121076,0.6047241379310345,Medium
1221,17,1,0,3,3.25,22,0,3,1,1,0,1,1.71,4,0.46,Low,High Risk,0,0,0.4023529411764706,0.6841724137931035,High
1222,17,1,2,0,17.9,12,0,2,0,1,0,1,2.29,3,2.56,Medium,High Risk,0,0,0.12116402116402117,0.4192758620689655,Medium
1223,16,1,0,2,13.72,16,0,3,0,0,1,0,1.96,4,1.96,Low,High Risk,0,0,0.13315217391304346,0.5350344827586206,Medium
1224,18,1,0,3,5.0,3,0,3,0,0,0,0,2.62,2,0.71,Medium,Low Risk,0,0,0.4366666666666667,0.20006896551724135,Low
1225,16,1,0,1,1.31,24,0,0,1,0,0,0,0.77,4,0.19,Low,High Risk,0,0,0.3333333333333333,0.8195517241379311,High
1226,16,0,0,2,13.81,13,0,1,0,0,1,0,1.81,4,1.97,Low,High Risk,0,0,0.12221471978392978,0.48796551724137927,Medium
1227,15,0,2,1,11.45,19,0,2,0,0,0,0,0.88,4,1.64,Low,High Risk,0,0,0.07068273092369479,0.705103448275862,High
1228,16,0,0,2,8.09,27,0,3,0,1,0,0,0.82,4,1.16,Low,High Risk,0,0,0.09020902090209021,0.8766206896551725,High
1229,15,0,2,2,7.27,12,1,0,0,0,0,0,1.45,4,1.04,Low,High Risk,0,0,0.17533252720677148,0.5032758620689655,Medium
1230,15,0,2,2,4.34,2,0,3,0,1,0,0,3.34,1,0.62,Medium,Low Risk,0,0,0.6254681647940075,0.1073793103448276,Low
1231,16,1,0,1,13.39,25,0,2,0,0,0,0,0.82,4,1.91,Low,High Risk,0,0,0.056984016678248775,0.8352413793103448,High
1232,18,1,3,1,19.41,25,0,2,0,0,0,0,0.68,4,2.77,Low,High Risk,0,0,0.03331700146986771,0.8492413793103448,High
1233,18,1,0,0,3.51,17,0,1,0,1,0,1,1.39,4,0.5,Low,High Risk,0,0,0.30820399113082037,0.6127241379310345,Medium
1234,18,1,3,1,11.94,13,0,2,0,1,0,1,1.99,4,1.71,Low,High Risk,0,0,0.1537867078825348,0.46996551724137925,Medium
1235,18,1,0,2,8.48,14,0,0,0,1,0,0,1.64,4,1.21,Low,High Risk,0,0,0.17299578059071727,0.5256551724137932,Medium
1236,18,1,1,3,8.93,2,0,0,0,1,0,0,2.51,2,1.28,Medium,Low Risk,0,0,0.25276938569989926,0.1903793103448276,Low
1237,16,1,0,2,5.08,0,0,3,0,0,1,0,2.98,2,0.73,Medium,Low Risk,0,0,0.4901315789473684,0.10200000000000001,Low
1238,16,0,0,2,16.5,25,1,2,0,0,1,0,1.26,4,2.36,Low,High Risk,0,0,0.072,0.7912413793103448,High
1239,17,0,1,4,9.71,23,1,2,0,0,0,0,1.42,4,1.39,Low,High Risk,0,0,0.1325863678804855,0.7338620689655173,High
1240,18,0,2,2,10.87,16,0,1,1,0,1,0,1.6,4,1.55,Low,High Risk,0,0,0.13479359730412807,0.5710344827586207,Medium
1241,16,0,0,3,6.1,2,1,2,0,1,0,0,3.09,1,0.87,Medium,Low Risk,0,0,0.4352112676056338,0.1323793103448276,Low
1242,17,1,0,2,3.64,13,0,0,1,1,0,0,1.64,4,0.52,Low,High Risk,0,0,0.3534482758620689,0.5049655172413794,Medium
1243,18,1,2,1,1.72,2,0,2,0,1,0,0,2.59,2,0.25,Medium,Low Risk,0,0,0.9522058823529412,0.1823793103448276,Low
1244,15,1,1,0,14.28,12,1,2,0,0,0,0,2.39,3,2.04,Medium,High Risk,0,0,0.15641361256544503,0.4092758620689655,Medium
1245,17,0,3,2,3.92,14,0,2,1,0,0,0,1.9,4,0.56,Low,High Risk,0,0,0.3861788617886179,0.49965517241379315,Medium
1246,16,1,2,1,13.8,17,0,4,0,1,0,0,2.11,3,1.97,Medium,High Risk,0,0,0.14256756756756755,0.5407241379310345,Medium
1247,15,1,3,1,7.81,13,0,2,0,0,0,0,1.7,4,1.12,Low,High Risk,0,0,0.19296254256526676,0.4989655172413793,Medium
1248,15,1,2,2,8.32,20,0,2,1,0,0,0,1.04,4,1.19,Low,High Risk,0,0,0.11158798283261803,0.7097931034482758,High
1249,15,0,0,2,9.38,25,0,2,0,1,0,0,1.19,4,1.34,Low,High Risk,0,0,0.11464354527938342,0.7982413793103448,High
1250,17,1,0,2,7.35,2,0,1,0,0,1,0,2.65,2,1.05,Medium,Low Risk,0,0,0.31736526946107785,0.1763793103448276,Low
1251,16,0,2,1,2.01,18,0,3,0,1,0,0,1.23,4,0.29,Low,High Risk,0,0,0.40863787375415284,0.6494137931034483,Medium
1252,15,0,1,1,6.19,7,0,2,1,0,0,0,2.13,3,0.88,Medium,Medium Risk,0,0,0.29624478442280944,0.33182758620689656,Medium
1253,18,0,0,2,13.27,3,1,1,1,0,0,0,2.91,2,1.9,Medium,Low Risk,0,0,0.2039243167484233,0.17106896551724138,Low
1254,15,0,0,4,13.32,3,0,3,0,0,0,1,3.12,1,1.9,Medium,Low Risk,0,0,0.21787709497206703,0.15006896551724136,Low
1255,15,1,3,2,5.72,18,1,0,0,0,0,0,1.04,4,0.82,Low,High Risk,0,0,0.15476190476190477,0.6684137931034483,High
1256,17,0,1,3,9.2,10,0,4,1,0,0,1,2.4,3,1.31,Medium,High Risk,0,0,0.23529411764705882,0.36689655172413793,Medium
1257,17,0,0,2,3.87,0,1,3,0,0,0,0,3.16,1,0.55,Medium,Low Risk,0,0,0.6488706365503081,0.08399999999999999,Low
1258,16,1,0,2,4.21,7,1,2,0,1,1,0,2.72,2,0.6,Medium,Medium Risk,0,0,0.5220729366602688,0.2728275862068965,Low
1259,18,1,0,1,0.46,14,0,1,1,1,0,0,1.53,4,0.07,Low,High Risk,0,0,1.047945205479452,0.5366551724137931,Medium
1260,17,0,0,2,17.93,0,0,1,0,0,0,0,3.47,1,2.56,Medium,Low Risk,0,0,0.1833069202324353,0.052999999999999985,Low
1261,15,1,0,2,4.21,6,0,1,1,0,0,0,2.3,3,0.6,Medium,Medium Risk,0,0,0.44145873320537427,0.2941379310344828,Low
1262,16,0,0,2,4.55,20,1,1,1,0,0,0,1.27,4,0.65,Low,High Risk,0,0,0.22882882882882885,0.6867931034482759,High
1263,15,0,2,2,5.59,19,0,2,1,1,0,1,1.48,4,0.8,Low,High Risk,0,0,0.22458270106221548,0.645103448275862,Medium
1264,15,0,0,2,2.55,19,0,4,0,0,1,1,1.45,4,0.36,Low,High Risk,0,0,0.4084507042253521,0.6481034482758621,Medium
1265,17,0,2,1,12.79,23,0,2,0,0,0,0,0.81,4,1.83,Low,High Risk,0,0,0.0587382160986222,0.7948620689655173,High
1266,16,1,2,2,1.5,10,1,3,0,0,0,0,2.15,3,0.21,Medium,High Risk,0,0,0.86,0.39189655172413795,Medium
1267,18,0,0,1,2.68,26,0,3,0,0,0,0,0.56,4,0.38,Low,High Risk,0,0,0.15217391304347827,0.8819310344827587,High
1268,18,1,1,3,12.9,28,0,3,0,0,0,0,0.58,4,1.84,Low,High Risk,0,0,0.04172661870503597,0.9213103448275863,High
1269,17,1,0,1,6.79,13,0,0,0,1,1,1,1.6,4,0.97,Low,High Risk,0,0,0.20539152759948653,0.5089655172413793,Medium
1270,17,1,2,0,14.16,21,1,2,0,1,0,0,1.0,4,2.02,Low,High Risk,0,0,0.06596306068601583,0.7344827586206897,High
1271,16,1,0,2,11.15,15,0,3,0,0,0,0,1.66,4,1.59,Low,High Risk,0,0,0.13662551440329218,0.5443448275862068,Medium
1272,18,0,1,2,5.12,13,0,3,0,0,0,1,1.53,4,0.73,Low,High Risk,0,0,0.25,0.5159655172413793,Medium
1273,18,1,1,2,13.02,11,0,4,0,0,0,0,2.21,3,1.86,Medium,High Risk,0,0,0.15763195435092725,0.4065862068965517,Medium
1274,18,0,0,1,2.33,16,0,3,0,0,0,1,1.16,4,0.33,Low,High Risk,0,0,0.3483483483483483,0.6150344827586207,Medium
1275,15,1,0,2,10.73,13,1,1,0,0,0,0,2.15,3,1.53,Medium,High Risk,0,0,0.18329070758738278,0.45396551724137935,Medium
1276,18,1,1,1,8.74,9,0,2,1,0,0,1,2.59,2,1.25,Medium,Medium Risk,0,0,0.2659137577002053,0.3272068965517242,Low
1277,15,0,2,3,5.36,23,0,0,1,1,0,0,0.91,4,0.77,Low,High Risk,0,0,0.1430817610062893,0.7848620689655172,High
1278,16,0,0,3,12.08,28,1,3,0,0,0,0,0.7,4,1.73,Low,High Risk,0,0,0.05351681957186544,0.9093103448275863,High
1279,15,0,1,2,17.43,13,1,2,0,0,0,0,2.14,3,2.49,Medium,High Risk,0,0,0.11611502984264786,0.4549655172413793,Medium
1280,16,1,0,1,19.98,17,0,3,0,0,0,0,1.55,4,2.85,Low,High Risk,0,0,0.07387988560533842,0.5967241379310345,Medium
1281,18,1,2,2,12.16,21,0,4,0,0,0,1,1.55,4,1.74,Low,High Risk,0,0,0.11778115501519756,0.6794827586206896,High
1282,18,0,0,0,8.09,8,1,3,0,0,1,0,2.97,2,1.16,Medium,Medium Risk,0,0,0.32673267326732675,0.2685172413793103,Low
1283,16,0,2,2,4.5,16,0,2,1,0,0,1,1.63,4,0.64,Low,High Risk,0,0,0.29636363636363633,0.5680344827586207,Medium
1284,17,0,0,1,5.14,5,1,1,0,0,0,0,2.33,3,0.73,Medium,Medium Risk,0,0,0.3794788273615636,0.270448275862069,Low
1285,16,0,0,3,9.59,7,1,3,1,1,1,0,3.27,1,1.37,Medium,Medium Risk,0,0,0.3087818696883853,0.21782758620689657,Low
1286,17,1,0,0,7.35,25,0,1,0,0,0,0,0.35,4,1.05,Low,High Risk,0,0,0.041916167664670656,0.8822413793103447,High
1287,15,0,0,2,18.28,12,1,1,0,0,0,0,1.89,4,2.61,Low,High Risk,0,0,0.09802904564315351,0.45927586206896553,Medium
1288,15,0,1,2,7.37,17,0,1,0,0,0,0,1.46,4,1.05,Low,High Risk,0,0,0.17443249701314215,0.6057241379310345,Medium
1289,15,0,0,2,7.47,4,0,2,1,0,0,0,2.55,2,1.07,Medium,Low Risk,0,0,0.3010625737898465,0.2277586206896552,Low
1290,18,0,2,0,7.67,5,0,1,0,0,0,0,2.22,3,1.1,Medium,Medium Risk,0,0,0.25605536332179935,0.28144827586206894,Low
1291,15,1,0,4,16.73,20,1,4,0,1,1,0,1.85,4,2.39,Low,High Risk,0,0,0.10434292160180485,0.6287931034482759,Medium
1292,17,0,0,2,13.02,18,0,4,1,0,0,0,1.85,4,1.86,Low,High Risk,0,0,0.1319543509272468,0.5874137931034483,Medium
1293,15,1,0,2,12.28,3,0,4,0,0,1,0,3.27,1,1.75,Medium,Low Risk,0,0,0.24623493975903615,0.13506896551724137,Low
1294,16,0,0,1,6.68,6,1,0,0,0,0,1,2.55,2,0.95,Medium,Medium Risk,0,0,0.33203125,0.2691379310344828,Low
1295,16,0,0,2,16.36,3,0,4,0,0,0,0,3.1,1,2.34,Medium,Low Risk,0,0,0.17857142857142858,0.15206896551724136,Low
1296,18,1,0,2,0.77,24,0,4,0,0,1,0,0.66,4,0.11,Low,High Risk,0,0,0.3728813559322034,0.830551724137931,High
1297,16,0,0,0,17.42,10,1,4,0,1,0,0,3.09,1,2.49,Medium,High Risk,0,0,0.16775244299674263,0.297896551724138,Low
1298,17,1,0,1,10.25,11,1,3,0,0,0,0,1.99,4,1.46,Low,High Risk,0,0,0.1768888888888889,0.4285862068965517,Medium
1299,15,1,1,3,7.97,13,1,3,0,1,0,0,2.61,2,1.14,Medium,High Risk,0,0,0.29096989966555187,0.4079655172413793,Medium
1300,18,0,1,1,9.94,12,1,1,0,0,0,0,1.73,4,1.42,Low,High Risk,0,0,0.15813528336380256,0.47527586206896555,Medium
1301,15,1,0,1,13.35,28,0,3,1,0,0,0,1.11,4,1.91,Low,High Risk,0,0,0.07735191637630663,0.8683103448275862,High
1302,15,1,0,2,0.26,9,0,0,1,0,0,0,1.65,4,0.04,Low,Medium Risk,0,0,1.3095238095238095,0.42120689655172416,Medium
1303,17,1,3,2,17.43,17,0,2,0,0,0,0,1.34,4,2.49,Low,High Risk,0,0,0.0727075420510038,0.6177241379310345,Medium
1304,16,1,1,0,8.93,15,0,4,0,0,0,0,1.98,4,1.28,Low,High Risk,0,0,0.19939577039274925,0.5123448275862069,Medium
1305,16,1,1,2,6.86,4,0,2,0,1,1,0,3.06,1,0.98,Medium,Low Risk,0,0,0.3893129770992366,0.17675862068965517,Low
1306,15,1,0,1,2.76,7,1,1,0,0,0,0,2.39,3,0.39,Medium,Medium Risk,0,0,0.6356382978723405,0.30582758620689654,Low
1307,18,1,2,0,8.79,13,0,4,0,0,0,0,2.08,3,1.26,Medium,High Risk,0,0,0.21246169560776304,0.4609655172413793,Medium
1308,16,1,2,0,9.93,4,0,4,0,1,0,1,3.65,0,1.42,High,Low Risk,0,0,0.33394327538883806,0.11775862068965517,Low
1309,18,0,1,3,8.07,25,0,1,1,0,0,0,0.32,4,1.15,Low,High Risk,0,0,0.03528114663726571,0.8852413793103449,High
1310,16,0,3,1,13.57,27,0,3,0,1,0,0,1.13,4,1.94,Low,High Risk,0,0,0.07755662319835277,0.8456206896551725,High
1311,18,1,0,0,8.42,23,0,2,1,0,0,0,0.63,4,1.2,Low,High Risk,0,0,0.06687898089171974,0.8128620689655173,High
1312,17,0,0,2,19.23,7,0,2,0,0,1,1,3.16,1,2.75,Medium,Medium Risk,0,0,0.15620365793376173,0.22882758620689655,Low
1313,18,1,2,3,11.99,24,0,1,0,0,0,0,0.68,4,1.71,Low,High Risk,0,0,0.05234795996920708,0.828551724137931,High
1314,17,1,2,1,16.15,25,0,0,0,0,0,0,0.8,4,2.31,Low,High Risk,0,0,0.046647230320699715,0.8372413793103448,High
1315,17,0,0,2,2.19,5,1,1,0,1,0,0,2.84,2,0.31,Medium,Medium Risk,0,0,0.890282131661442,0.219448275862069,Low
1316,18,1,0,0,7.95,15,1,0,0,1,0,0,1.25,4,1.14,Low,High Risk,0,0,0.13966480446927376,0.585344827586207,Medium
1317,17,1,0,2,6.74,27,0,4,0,0,0,0,0.53,4,0.96,Low,High Risk,0,0,0.06847545219638243,0.9056206896551724,High
1318,15,1,0,2,11.39,3,1,3,1,0,0,0,3.19,1,1.63,Medium,Low Risk,0,0,0.2574656981436642,0.1430689655172414,Low
1319,17,1,2,2,17.22,11,0,3,0,0,1,0,2.82,2,2.46,Medium,High Risk,0,0,0.15477497255762898,0.34558620689655173,Medium
1320,16,0,1,1,1.57,10,0,3,0,0,0,0,2.16,3,0.22,Medium,High Risk,0,0,0.8404669260700389,0.39089655172413795,Medium
1321,18,1,0,1,1.45,2,0,1,1,0,0,0,2.72,2,0.21,Medium,Low Risk,0,0,1.110204081632653,0.16937931034482756,Low
1322,15,1,0,1,17.01,11,0,4,1,0,0,0,2.63,2,2.43,Medium,High Risk,0,0,0.14602998334258743,0.36458620689655175,Medium
1323,18,1,0,1,4.26,29,1,3,1,1,0,0,0.91,4,0.61,Low,High Risk,0,0,0.17300380228136883,0.909,High
1324,16,0,0,0,13.38,4,0,2,0,0,0,0,2.61,2,1.91,Medium,Low Risk,0,0,0.1815020862308762,0.22175862068965518,Low
1325,16,1,1,2,10.86,5,1,1,0,1,0,0,2.98,2,1.55,Medium,Medium Risk,0,0,0.2512647554806071,0.20544827586206899,Low
1326,16,0,3,4,16.66,18,0,3,0,0,0,0,1.63,4,2.38,Low,High Risk,0,0,0.09229898074745187,0.6094137931034483,Medium
1327,17,0,2,4,2.5,17,0,3,0,1,0,0,1.36,4,0.36,Low,High Risk,0,0,0.3885714285714286,0.6157241379310344,Medium
1328,17,1,0,3,2.6,15,1,3,0,0,0,0,1.92,4,0.37,Low,High Risk,0,0,0.5333333333333333,0.5183448275862069,Medium
1329,18,1,2,2,11.14,22,0,0,0,0,0,0,1.01,4,1.59,Low,High Risk,0,0,0.08319604612850082,0.7541724137931034,High
1330,18,0,2,2,18.93,10,0,1,1,1,0,0,2.33,3,2.7,Medium,High Risk,0,0,0.1169091821374812,0.37389655172413794,Medium
1331,15,1,2,1,8.3,4,0,2,1,1,1,0,3.39,1,1.19,Medium,Low Risk,0,0,0.36451612903225805,0.14375862068965517,Low
1332,15,0,0,2,6.54,8,0,3,0,1,0,0,2.38,3,0.93,Medium,Medium Risk,0,0,0.3156498673740053,0.3275172413793104,Low
1333,18,0,0,2,12.13,2,0,0,0,0,0,0,2.78,2,1.73,Medium,Low Risk,0,0,0.2117288651942117,0.1633793103448276,Low
1334,17,1,0,2,18.61,29,0,2,0,1,0,1,0.53,4,2.66,Low,High Risk,0,0,0.02702702702702703,0.947,High
1335,16,1,0,2,16.74,7,0,2,0,0,0,0,2.54,2,2.39,Medium,Medium Risk,0,0,0.14317925591882752,0.2908275862068965,Low
1336,18,0,0,1,19.91,5,0,3,0,0,0,0,3.01,1,2.84,Medium,Medium Risk,0,0,0.1439502630320421,0.20244827586206898,Low
1337,15,0,0,1,0.45,3,0,2,1,0,0,0,2.99,2,0.06,Medium,Low Risk,0,0,2.0620689655172417,0.16306896551724137,Low
1338,17,0,0,3,2.26,11,0,2,0,1,0,0,1.95,4,0.32,Low,High Risk,0,0,0.598159509202454,0.4325862068965517,Medium
1339,18,0,2,0,12.19,11,0,3,0,0,0,0,2.15,3,1.74,Medium,High Risk,0,0,0.16300227445034116,0.41258620689655173,Medium
1340,18,1,0,2,16.41,24,0,4,0,0,0,1,1.18,4,2.34,Low,High Risk,0,0,0.06777713957495692,0.7785517241379311,High
1341,17,1,0,3,5.7,20,0,1,1,0,0,0,1.4,4,0.81,Low,High Risk,0,0,0.208955223880597,0.6737931034482758,High
1342,18,1,3,2,4.78,15,0,1,1,0,1,0,1.76,4,0.68,Low,High Risk,0,0,0.3044982698961938,0.5343448275862069,Medium
1343,17,1,3,2,15.74,9,0,4,1,0,1,0,2.9,2,2.25,Medium,Medium Risk,0,0,0.17323775388291515,0.29620689655172416,Low
1344,16,1,2,1,1.13,21,0,2,0,0,0,0,1.03,4,0.16,Low,High Risk,0,0,0.48356807511737093,0.7314827586206896,High
1345,17,0,3,1,7.39,13,0,3,0,0,0,1,1.91,4,1.06,Low,High Risk,0,0,0.2276519666269368,0.47796551724137926,Medium
1346,17,1,1,3,10.12,12,0,3,0,0,0,0,1.88,4,1.45,Low,High Risk,0,0,0.16906474820143885,0.46027586206896554,Medium
1347,17,1,3,2,11.21,8,0,1,0,1,1,0,2.61,2,1.6,Medium,Medium Risk,0,0,0.21375921375921372,0.30451724137931035,Low
1348,18,1,0,2,14.57,6,0,3,1,0,1,0,3.11,1,2.08,Medium,Medium Risk,0,0,0.19974309569685292,0.21313793103448278,Low
1349,18,1,0,0,7.1,11,0,3,0,0,0,0,1.39,4,1.01,Low,High Risk,0,0,0.17160493827160495,0.48858620689655174,Medium
1350,17,1,0,0,12.25,4,0,2,0,0,0,0,2.83,2,1.75,Medium,Low Risk,0,0,0.21358490566037736,0.19975862068965516,Low
1351,18,0,0,4,11.71,17,0,0,0,0,1,0,1.09,4,1.67,Low,High Risk,0,0,0.08575924468922108,0.6427241379310344,Medium
1352,15,0,0,1,10.95,3,0,4,0,0,0,0,2.87,2,1.56,Medium,Low Risk,0,0,0.2401673640167364,0.17506896551724138,Low
1353,15,0,1,2,12.81,1,0,2,0,1,0,0,2.9,2,1.83,Medium,Low Risk,0,0,0.20999275887038377,0.13068965517241382,Low
1354,18,1,2,0,5.19,2,1,3,0,0,0,0,3.18,1,0.74,Medium,Low Risk,0,0,0.5137318255250404,0.12337931034482758,Low
1355,18,0,1,2,1.69,25,0,3,0,0,0,0,0.47,4,0.24,Low,High Risk,0,0,0.17472118959107807,0.8702413793103447,High
1356,17,0,0,3,2.39,11,1,2,0,0,0,0,2.21,3,0.34,Medium,High Risk,0,0,0.6519174041297935,0.4065862068965517,Medium
1357,16,1,2,2,4.49,2,1,3,1,1,0,0,3.38,1,0.64,Medium,Low Risk,0,0,0.6156648451730419,0.1033793103448276,Low
1358,18,1,1,1,10.0,3,0,4,0,1,0,0,3.2,1,1.43,Medium,Low Risk,0,0,0.29090909090909095,0.14206896551724135,Low
1359,15,1,0,2,16.81,5,0,2,0,0,1,0,3.35,1,2.4,Medium,Medium Risk,0,0,0.18809657495788884,0.16844827586206895,Low
1360,17,0,1,2,14.03,11,0,2,0,0,0,0,1.73,4,2.0,Low,High Risk,0,0,0.11510312707917499,0.4545862068965517,Medium
1361,18,0,0,2,15.78,18,0,4,1,0,0,0,2.22,3,2.25,Medium,High Risk,0,0,0.13230035756853398,0.5504137931034483,Medium
1362,15,1,0,3,7.02,9,0,1,1,0,0,1,2.0,3,1.0,Medium,Medium Risk,0,0,0.24937655860349128,0.38620689655172413,Medium
1363,15,1,3,2,8.09,29,1,0,0,0,0,0,0.72,4,1.16,Low,High Risk,0,0,0.07920792079207921,0.928,High
1364,16,0,0,3,7.87,0,1,4,0,0,1,0,3.88,0,1.12,High,Low Risk,0,0,0.43742953776775645,0.01200000000000001,Low
1365,17,0,0,2,3.84,16,0,3,1,0,1,0,1.69,4,0.55,Low,High Risk,0,0,0.34917355371900827,0.5620344827586207,Medium
1366,17,1,2,1,1.22,15,0,4,1,1,0,1,1.76,4,0.17,Low,High Risk,0,0,0.7927927927927929,0.5343448275862069,Medium
1367,16,1,2,1,11.82,8,0,0,0,0,0,0,2.14,3,1.69,Medium,Medium Risk,0,0,0.1669266770670827,0.35151724137931034,Medium
1368,16,0,0,1,19.78,24,1,1,0,1,0,0,0.91,4,2.83,Low,High Risk,0,0,0.04379210779595765,0.8055517241379311,High
1369,17,1,0,3,3.34,20,1,1,0,0,0,0,1.14,4,0.48,Low,High Risk,0,0,0.2626728110599078,0.6997931034482758,High
1370,17,0,0,2,0.93,8,1,3,1,0,0,1,2.35,3,0.13,Medium,Medium Risk,0,0,1.2176165803108807,0.3305172413793104,Medium
1371,18,0,1,2,15.59,26,0,3,0,0,0,0,0.62,4,2.23,Low,High Risk,0,0,0.037371910789632305,0.8759310344827587,High
1372,18,0,0,1,5.05,22,0,2,0,0,1,0,0.34,4,0.72,Low,High Risk,0,0,0.05619834710743802,0.8211724137931035,High
1373,16,0,0,1,16.59,8,0,0,0,0,0,0,2.22,3,2.37,Medium,Medium Risk,0,0,0.12620807276861853,0.34351724137931033,Medium
1374,18,1,3,2,14.08,11,0,3,0,0,0,1,2.33,3,2.01,Medium,High Risk,0,0,0.15450928381962864,0.3945862068965517,Medium
1375,15,1,1,2,18.91,22,1,2,1,0,0,0,1.62,4,2.7,Low,High Risk,0,0,0.08136614766449021,0.6931724137931035,High
1376,18,0,0,1,8.18,8,1,1,1,0,0,0,2.2,3,1.17,Medium,Medium Risk,0,0,0.23965141612200438,0.34551724137931034,Medium
1377,18,0,1,2,13.24,14,0,4,0,1,0,0,2.58,2,1.89,Medium,High Risk,0,0,0.18117977528089887,0.43165517241379314,Medium
1378,15,0,1,0,9.3,1,0,1,1,0,0,0,3.0,2,1.33,Medium,Low Risk,0,0,0.2912621359223301,0.1206896551724138,Low
1379,16,0,0,1,12.61,10,0,3,0,0,1,0,2.37,3,1.8,Medium,High Risk,0,0,0.17413666421748716,0.36989655172413793,Medium
1380,15,0,0,2,8.99,10,1,3,1,0,0,0,2.83,2,1.28,Medium,High Risk,0,0,0.2832832832832833,0.3238965517241379,Low
1381,18,1,2,1,3.77,7,0,2,1,1,0,1,2.53,2,0.54,Medium,Medium Risk,0,0,0.5303983228511531,0.2918275862068966,Low
1382,16,1,0,4,10.16,22,0,1,1,0,0,0,1.04,4,1.45,Low,High Risk,0,0,0.0931899641577061,0.7511724137931034,High
1383,18,1,1,1,10.57,5,0,2,1,0,0,1,2.66,2,1.51,Medium,Medium Risk,0,0,0.22990492653414002,0.23744827586206896,Low
1384,15,1,0,1,16.21,20,0,3,0,0,0,0,1.6,4,2.32,Low,High Risk,0,0,0.09296920395119117,0.6537931034482758,Medium
1385,15,0,0,1,14.71,19,1,1,1,0,0,0,1.8,4,2.1,Low,High Risk,0,0,0.11457670273711011,0.613103448275862,Medium
1386,18,0,0,2,13.28,6,0,3,0,0,0,0,2.66,2,1.9,Medium,Medium Risk,0,0,0.1862745098039216,0.25813793103448274,Low
1387,17,0,0,2,2.27,2,0,4,0,0,0,0,3.0,2,0.32,Medium,Low Risk,0,0,0.9174311926605504,0.1413793103448276,Low
1388,17,0,0,2,14.41,7,0,4,0,0,1,0,2.98,2,2.06,Medium,Medium Risk,0,0,0.19338092147955874,0.24682758620689657,Low
1389,15,0,0,0,10.01,17,0,2,0,0,0,0,1.38,4,1.43,Low,High Risk,0,0,0.12534059945504086,0.6137241379310345,Medium
1390,15,1,2,0,17.88,16,0,3,1,0,0,1,1.85,4,2.55,Low,High Risk,0,0,0.09798728813559324,0.5460344827586207,Medium
1391,17,0,3,2,18.4,10,0,4,0,0,0,0,2.44,3,2.63,Medium,High Risk,0,0,0.12577319587628866,0.36289655172413793,Medium
1392,17,1,2,3,1.1,1,0,2,1,0,0,0,2.86,2,0.16,Medium,Low Risk,0,0,1.3619047619047617,0.13468965517241382,Low
1393,18,1,2,3,16.41,24,1,1,1,0,0,0,1.21,4,2.34,Low,High Risk,0,0,0.06950028719126938,0.775551724137931,High
1394,18,1,0,0,0.75,20,0,1,1,1,0,0,0.9,4,0.11,Low,High Risk,0,0,0.5142857142857143,0.7237931034482759,High
1395,17,1,3,2,7.34,26,0,1,0,0,0,0,0.27,4,1.05,Low,High Risk,0,0,0.03237410071942446,0.9109310344827586,High
1396,18,0,0,3,10.85,23,0,3,0,0,1,0,0.67,4,1.55,Low,High Risk,0,0,0.05654008438818566,0.8088620689655173,High
1397,18,1,3,1,2.96,18,0,2,0,0,0,0,1.09,4,0.42,Low,High Risk,0,0,0.27525252525252525,0.6634137931034483,High
1398,16,1,3,3,14.93,6,0,3,0,0,0,0,2.81,2,2.13,Medium,Medium Risk,0,0,0.17639673571876963,0.24313793103448275,Low
1399,18,1,2,1,0.17,17,1,3,1,0,0,1,1.87,4,0.02,Low,High Risk,0,0,1.5982905982905984,0.5647241379310345,Medium
1400,15,0,3,3,3.37,7,0,3,1,1,0,0,3.04,1,0.48,Medium,Medium Risk,0,0,0.6956521739130435,0.24082758620689657,Low
1401,18,0,1,2,11.62,13,0,3,0,0,0,1,2.14,3,1.66,Medium,High Risk,0,0,0.16957210776545167,0.4549655172413793,Medium
1402,18,0,0,3,14.29,6,0,0,1,0,1,0,3.04,1,2.04,Medium,Medium Risk,0,0,0.19882275997383914,0.22013793103448276,Low
1403,17,1,0,2,18.33,27,0,3,0,1,0,0,0.99,4,2.62,Low,High Risk,0,0,0.05121572684945681,0.8596206896551724,High
1404,15,1,1,1,14.11,20,0,2,0,0,0,0,1.23,4,2.02,Low,High Risk,0,0,0.0814030443414957,0.6907931034482759,High
1405,18,0,0,3,13.44,27,0,2,0,1,0,0,0.86,4,1.92,Low,High Risk,0,0,0.05955678670360111,0.8726206896551725,High
1406,18,1,1,1,7.89,26,0,0,0,0,0,0,0.12,4,1.13,Low,High Risk,0,0,0.013498312710911134,0.9259310344827586,High
1407,16,0,3,1,0.03,3,0,4,1,0,0,0,2.93,2,0.0,Medium,Low Risk,0,0,2.8446601941747574,0.16906896551724138,Low
1408,18,0,0,2,2.4,16,0,4,1,0,0,0,2.05,3,0.34,Medium,High Risk,0,0,0.6029411764705882,0.5260344827586207,Medium
1409,18,1,2,2,10.69,4,0,2,1,0,0,0,3.07,1,1.53,Medium,Low Risk,0,0,0.262617621899059,0.1757586206896552,Low
1410,16,1,3,3,13.5,11,0,2,0,1,0,0,2.44,3,1.93,Medium,High Risk,0,0,0.16827586206896553,0.38358620689655176,Medium
1411,17,1,3,1,8.35,8,0,3,0,1,0,0,2.43,3,1.19,Medium,Medium Risk,0,0,0.2598930481283423,0.32251724137931037,Low
1412,18,1,3,2,14.61,25,0,1,0,0,0,0,0.78,4,2.09,Low,High Risk,0,0,0.049967969250480464,0.8392413793103448,High
1413,16,0,1,2,10.44,19,1,1,1,1,1,0,1.88,4,1.49,Low,High Risk,0,0,0.16433566433566432,0.605103448275862,Medium
1414,15,0,3,0,1.48,12,0,3,0,0,0,0,1.6,4,0.21,Low,High Risk,0,0,0.6451612903225807,0.4882758620689655,Medium
1415,17,0,2,1,3.84,24,0,1,0,1,0,0,0.7,4,0.55,Low,High Risk,0,0,0.1446280991735537,0.826551724137931,High
1416,15,0,0,1,16.8,27,0,2,1,1,0,0,0.76,4,2.4,Low,High Risk,0,0,0.04269662921348315,0.8826206896551725,High
1417,15,0,0,1,14.5,17,1,2,1,0,0,0,1.5,4,2.07,Low,High Risk,0,0,0.0967741935483871,0.6017241379310345,Medium
1418,16,1,2,4,17.9,19,1,2,1,0,0,0,1.53,4,2.56,Low,High Risk,0,0,0.08095238095238096,0.6401034482758621,Medium
1419,18,0,0,2,2.35,8,0,1,1,1,0,0,2.27,3,0.34,Medium,Medium Risk,0,0,0.6776119402985075,0.3385172413793104,Medium
1420,16,0,1,2,19.8,3,0,2,0,0,0,0,3.4,1,2.83,Medium,Low Risk,0,0,0.16346153846153846,0.12206896551724139,Low
1421,16,0,1,4,4.19,20,1,2,0,1,0,0,1.44,4,0.6,Low,High Risk,0,0,0.2774566473988439,0.6697931034482758,High
1422,16,1,0,1,0.24,26,0,2,0,0,1,0,0.34,4,0.03,Low,High Risk,0,0,0.2741935483870968,0.9039310344827587,High
1423,16,1,1,3,19.95,7,0,3,0,0,0,0,3.11,1,2.85,Medium,Medium Risk,0,0,0.14844868735083533,0.2338275862068966,Low
1424,17,1,2,2,5.62,0,1,4,0,0,1,0,3.77,0,0.8,High,Low Risk,0,0,0.5694864048338368,0.023,Low
1425,18,1,0,3,13.36,16,0,1,0,0,0,0,1.66,4,1.91,Low,High Risk,0,0,0.11559888579387187,0.5650344827586207,Medium
1426,15,0,0,1,3.53,24,0,3,1,0,0,1,1.05,4,0.5,Low,High Risk,0,0,0.23178807947019872,0.7915517241379311,High
1427,15,0,0,3,11.6,8,1,1,0,0,1,0,2.54,2,1.66,Medium,Medium Risk,0,0,0.2015873015873016,0.31151724137931036,Low
1428,18,1,0,1,18.08,19,0,2,0,0,0,1,1.4,4,2.58,Low,High Risk,0,0,0.07337526205450734,0.653103448275862,Medium
1429,15,1,3,1,6.4,12,0,2,1,1,0,0,2.03,3,0.91,Medium,High Risk,0,0,0.2743243243243243,0.4452758620689655,Medium
1430,18,0,0,2,13.41,1,0,2,0,0,0,0,3.27,1,1.92,Medium,Low Risk,0,0,0.22692574600971546,0.09368965517241379,Low
1431,15,0,1,1,3.76,12,0,3,1,1,0,0,2.02,3,0.54,Medium,High Risk,0,0,0.4243697478991597,0.4462758620689655,Medium
1432,16,1,0,2,12.5,8,0,2,1,0,0,0,2.4,3,1.79,Medium,Medium Risk,0,0,0.17777777777777778,0.3255172413793104,Low
1433,15,1,0,2,6.73,29,0,2,1,0,0,0,0.29,4,0.96,Low,High Risk,0,0,0.03751617076326002,0.971,High
1434,18,1,2,2,4.22,19,0,3,0,1,1,0,1.55,4,0.6,Low,High Risk,0,0,0.29693486590038315,0.6381034482758621,Medium
1435,18,1,2,1,6.26,5,1,1,1,0,0,0,2.91,2,0.89,Medium,Medium Risk,0,0,0.4008264462809918,0.21244827586206894,Low
1436,18,0,0,0,3.58,27,0,1,0,1,0,0,0.25,4,0.51,Low,High Risk,0,0,0.05458515283842795,0.9336206896551724,High
1437,18,0,0,1,18.04,0,1,0,1,0,0,0,3.42,1,2.58,Medium,Low Risk,0,0,0.1796218487394958,0.05800000000000001,Low
1438,18,0,0,2,7.94,27,1,1,0,0,0,0,0.58,4,1.13,Low,High Risk,0,0,0.06487695749440714,0.9006206896551725,High
1439,17,1,0,1,4.91,24,0,2,0,1,0,0,0.93,4,0.7,Low,High Risk,0,0,0.15736040609137056,0.8035517241379311,High
1440,17,1,1,1,8.97,4,0,2,1,0,1,0,2.68,2,1.28,Medium,Low Risk,0,0,0.2688064192577733,0.21475862068965515,Low
1441,15,0,0,1,6.41,2,1,1,0,0,0,1,3.11,1,0.92,Medium,Low Risk,0,0,0.4197031039136302,0.1303793103448276,Low
1442,18,0,0,0,14.89,3,0,0,1,0,0,1,2.78,2,2.13,Medium,Low Risk,0,0,0.17495280050346126,0.1840689655172414,Low
1443,15,0,0,2,19.42,0,0,3,0,1,1,1,4.0,0,2.77,High,Low Risk,0,0,0.1958863858961802,0.0,
1444,18,0,3,3,8.76,13,0,3,1,1,1,0,2.33,3,1.25,Medium,High Risk,0,0,0.2387295081967213,0.43596551724137933,Medium
1445,18,1,3,1,17.22,8,1,4,1,0,0,0,3.07,1,2.46,Medium,Medium Risk,0,0,0.1684961580680571,0.25851724137931037,Low
1446,17,0,0,2,11.32,29,0,4,0,1,0,0,0.87,4,1.62,Low,High Risk,0,0,0.07061688311688312,0.913,High
1447,17,0,2,2,3.14,23,0,4,0,1,0,1,1.52,4,0.45,Low,High Risk,0,0,0.36714975845410625,0.7238620689655173,High
1448,16,0,0,2,13.81,3,0,3,1,1,1,1,3.29,1,1.97,Medium,Low Risk,0,0,0.22214719783929776,0.13306896551724137,Low
1449,17,0,0,2,10.27,17,1,3,1,0,0,0,2.18,3,1.47,Medium,High Risk,0,0,0.19343389529724936,0.5337241379310345,Medium
1450,16,0,2,2,13.01,13,0,1,0,0,0,0,1.85,4,1.86,Low,High Risk,0,0,0.13204853675945755,0.48396551724137926,Medium
1451,16,0,3,2,17.79,24,0,3,1,1,0,1,1.48,4,2.54,Low,High Risk,0,0,0.07876530069185737,0.748551724137931,High
1452,16,0,3,0,8.81,3,0,0,0,0,0,0,2.88,2,1.26,Medium,Low Risk,0,0,0.2935779816513761,0.17406896551724138,Low
1453,16,1,1,2,18.02,24,0,3,0,1,1,0,1.06,4,2.57,Low,High Risk,0,0,0.05573080967402735,0.790551724137931,High
1454,16,1,0,2,15.01,9,0,2,0,0,0,1,2.57,2,2.14,Medium,Medium Risk,0,0,0.16052467207995005,0.3292068965517242,Low
1455,15,1,2,0,9.77,2,0,3,1,0,1,0,3.59,0,1.4,High,Low Risk,0,0,0.3333333333333333,0.0823793103448276,Low
1456,17,1,0,1,12.06,22,0,0,1,1,0,1,1.3,4,1.72,Low,High Risk,0,0,0.0995405819295559,0.7251724137931035,High
1457,16,0,1,4,6.51,6,1,2,0,1,1,0,3.21,1,0.93,Medium,Medium Risk,0,0,0.4274300932090546,0.20313793103448277,Low
1458,18,1,0,2,19.67,9,0,2,0,0,0,0,2.54,2,2.81,Medium,Medium Risk,0,0,0.12288340590227381,0.33220689655172414,Medium
1459,17,1,1,2,13.35,12,0,1,1,0,0,0,1.99,4,1.91,Low,High Risk,0,0,0.13867595818815331,0.4492758620689655,Medium
1460,17,0,0,3,0.88,3,1,2,0,1,1,0,3.0,1,0.13,Medium,Low Risk,0,0,1.595744680851064,0.16206896551724137,Low
1461,16,0,0,2,6.53,17,0,0,1,1,0,0,1.51,4,0.93,Low,High Risk,0,0,0.20053120849933598,0.6007241379310345,Medium
1462,15,1,3,2,12.47,10,0,2,0,0,0,1,2.17,3,1.78,Medium,High Risk,0,0,0.1610987379361544,0.38989655172413795,Medium
1463,16,1,0,2,1.13,24,1,2,0,0,0,1,0.64,4,0.16,Low,High Risk,0,0,0.3004694835680751,0.832551724137931,High
1464,15,0,1,3,0.48,3,0,3,0,1,0,0,2.75,2,0.07,Medium,Low Risk,0,0,1.8581081081081081,0.1870689655172414,Low
1465,18,1,0,2,9.0,23,0,2,1,0,1,0,1.04,4,1.29,Low,High Risk,0,0,0.10400000000000001,0.7718620689655172,High
1466,17,0,0,2,6.65,13,0,2,1,1,0,0,2.26,3,0.95,Medium,High Risk,0,0,0.29542483660130714,0.44296551724137934,Medium
1467,18,0,0,1,8.77,17,0,4,0,0,0,0,1.67,4,1.25,Low,High Risk,0,0,0.17093142272262027,0.5847241379310345,Medium
1468,15,0,0,4,5.25,7,0,2,0,0,0,0,2.5,3,0.75,Medium,Medium Risk,0,0,0.4,0.2948275862068966,Low
1469,15,0,2,2,3.29,26,1,2,0,0,0,0,0.28,4,0.47,Low,High Risk,0,0,0.06526806526806528,0.9099310344827586,High
1470,18,1,0,0,13.78,9,0,2,1,0,0,0,2.64,2,1.97,Medium,Medium Risk,0,0,0.1786197564276049,0.32220689655172413,Low
1471,15,0,3,3,10.29,4,0,3,1,1,0,1,3.06,1,1.47,Medium,Low Risk,0,0,0.271036315323295,0.17675862068965517,Low
1472,18,0,1,2,4.0,22,0,2,1,1,0,0,1.36,4,0.57,Low,High Risk,0,0,0.272,0.7191724137931034,High
1473,17,1,0,0,6.39,6,1,2,1,0,1,0,3.24,1,0.91,Medium,Medium Risk,0,0,0.4384303112313938,0.20013793103448274,Low
1474,18,0,1,2,11.84,11,1,3,1,1,0,0,2.57,2,1.69,Medium,High Risk,0,0,0.20015576323987538,0.37058620689655175,Medium
1475,17,1,1,2,1.44,24,0,0,0,0,0,0,0.0,4,0.21,Low,High Risk,0,0,0.0,0.896551724137931,High
1476,18,1,2,3,2.95,2,1,3,0,1,0,1,3.14,1,0.42,Medium,Low Risk,0,0,0.7949367088607595,0.12737931034482758,Low
1477,15,1,0,1,1.46,25,1,2,1,0,0,0,1.05,4,0.21,Low,High Risk,0,0,0.426829268292683,0.8122413793103448,High
1478,18,0,0,3,16.25,3,0,2,0,0,0,1,2.87,2,2.32,Medium,Low Risk,0,0,0.1663768115942029,0.17506896551724138,Low
1479,15,1,2,2,15.05,9,0,3,0,0,0,0,2.64,2,2.15,Medium,Medium Risk,0,0,0.16448598130841122,0.32220689655172413,Low
1480,18,1,3,0,15.07,3,0,1,0,0,0,0,2.67,2,2.15,Medium,Low Risk,0,0,0.16614810205351585,0.1950689655172414,Low
1481,18,0,2,4,14.33,14,1,3,0,1,1,0,2.79,2,2.05,Medium,High Risk,0,0,0.18199608610567514,0.4106551724137931,Medium
1482,16,1,0,2,13.39,28,1,4,0,0,0,1,1.19,4,1.91,Low,High Risk,0,0,0.08269631688672689,0.8603103448275863,High
1483,15,1,2,1,9.54,9,0,2,0,0,0,0,2.52,2,1.36,Medium,Medium Risk,0,0,0.23908918406072108,0.33420689655172414,Medium
1484,16,1,0,2,12.85,20,0,4,0,0,1,0,1.6,4,1.84,Low,High Risk,0,0,0.11552346570397112,0.6537931034482758,Medium
1485,15,1,0,3,0.77,29,0,0,0,0,0,0,0.0,4,0.11,Low,High Risk,0,0,0.0,1.0,High
1486,16,1,0,1,12.43,21,1,3,0,0,1,0,1.6,4,1.78,Low,High Risk,0,0,0.11913626209977662,0.6744827586206896,High
1487,17,0,1,1,15.56,15,1,2,1,0,0,0,2.22,3,2.22,Medium,High Risk,0,0,0.13405797101449274,0.4883448275862069,Medium
1488,18,1,0,1,10.01,14,0,2,0,0,0,1,1.62,4,1.43,Low,High Risk,0,0,0.14713896457765668,0.5276551724137931,Medium
1489,15,1,0,1,7.15,18,0,1,1,1,0,1,1.68,4,1.02,Low,High Risk,0,0,0.20613496932515335,0.6044137931034483,Medium
1490,15,0,2,2,5.55,28,0,2,1,0,0,0,0.21,4,0.79,Low,High Risk,0,0,0.03206106870229008,0.9583103448275863,High
1491,18,0,0,2,12.86,19,1,1,1,0,0,0,1.56,4,1.84,Low,High Risk,0,0,0.11255411255411256,0.637103448275862,Medium
1492,15,0,0,1,13.86,18,0,4,1,1,0,0,2.15,3,1.98,Medium,High Risk,0,0,0.14468371467025573,0.5574137931034483,Medium
1493,15,1,0,1,17.42,17,0,3,0,1,0,0,2.07,3,2.49,Medium,High Risk,0,0,0.11237785016286643,0.5447241379310345,Medium
1494,16,0,3,1,6.85,25,1,1,0,1,0,0,0.57,4,0.98,Low,High Risk,0,0,0.07261146496815286,0.8602413793103447,High
1495,15,1,1,3,15.4,11,0,1,1,0,0,0,2.16,3,2.2,Medium,High Risk,0,0,0.13170731707317077,0.4115862068965517,Medium
1496,17,1,0,1,11.23,24,1,3,0,0,1,0,1.29,4,1.6,Low,High Risk,0,0,0.10547833197056418,0.767551724137931,High
1497,17,0,2,4,17.66,15,0,2,0,1,1,0,2.34,3,2.52,Medium,High Risk,0,0,0.12540192926045016,0.47634482758620694,Medium
1498,18,0,2,2,10.56,0,0,1,0,0,0,0,2.92,2,1.51,Medium,Low Risk,0,0,0.25259515570934254,0.10800000000000001,Low
1499,15,1,0,1,10.35,15,1,2,1,0,1,0,2.19,3,1.48,Medium,High Risk,0,0,0.19295154185022026,0.4913448275862069,Medium
1500,18,0,1,3,11.56,1,0,2,0,0,0,0,3.07,1,1.65,Medium,Low Risk,0,0,0.24442675159235666,0.11368965517241382,Low
1501,17,1,2,2,14.99,23,0,1,0,0,0,0,1.01,4,2.14,Low,High Risk,0,0,0.06316447779862414,0.7748620689655172,High
1502,15,0,1,2,19.29,14,0,3,1,1,0,0,2.12,3,2.76,Medium,High Risk,0,0,0.10448496796451455,0.4776551724137931,Medium
1503,15,0,0,4,1.47,6,0,3,1,0,0,0,2.62,2,0.21,Medium,Medium Risk,0,0,1.0607287449392715,0.26213793103448274,Low
1504,18,0,2,0,1.07,27,0,0,0,1,1,0,0.42,4,0.15,Low,High Risk,0,0,0.20289855072463764,0.9166206896551725,High
1505,17,1,1,0,18.75,0,1,4,1,0,0,0,3.95,0,2.68,High,Low Risk,0,0,0.2,0.004999999999999983,Low
1506,15,0,0,2,10.6,4,1,2,0,1,0,0,3.02,1,1.51,Medium,Low Risk,0,0,0.2603448275862069,0.18075862068965518,Low
1507,18,1,0,1,12.3,9,1,1,1,0,0,0,2.81,2,1.76,Medium,Medium Risk,0,0,0.2112781954887218,0.30520689655172417,Low
1508,17,1,0,1,9.65,21,0,1,0,0,0,0,0.77,4,1.38,Low,High Risk,0,0,0.07230046948356808,0.7574827586206896,High
1509,18,1,0,0,1.87,20,1,1,0,0,0,0,0.89,4,0.27,Low,High Risk,0,0,0.31010452961672474,0.7247931034482759,High
1510,16,1,2,0,15.36,3,1,2,1,1,0,0,3.67,0,2.19,High,Low Risk,0,0,0.22432762836185818,0.0950689655172414,Low
1511,15,0,0,2,14.94,13,0,1,0,1,0,0,1.4,4,2.13,Low,High Risk,0,0,0.08782936010037641,0.5289655172413793,Medium
1512,16,1,0,1,6.23,12,0,2,0,0,0,1,1.42,4,0.89,Low,High Risk,0,0,0.19640387275242044,0.5062758620689656,Medium
1513,17,1,1,2,6.12,0,0,1,1,0,0,1,3.15,1,0.87,Medium,Low Risk,0,0,0.44241573033707865,0.08500000000000002,Low
1514,16,0,0,2,16.76,15,1,3,0,1,0,1,2.35,3,2.39,Medium,High Risk,0,0,0.1323198198198198,0.4753448275862069,Medium
1515,16,1,3,2,1.45,22,0,3,1,1,0,0,1.16,4,0.21,Low,High Risk,0,0,0.473469387755102,0.7391724137931034,High
1516,17,0,0,0,17.62,8,1,2,0,0,0,0,2.65,2,2.52,Medium,Medium Risk,0,0,0.14232008592910847,0.30051724137931035,Low
1517,18,1,0,2,5.13,21,0,3,0,1,1,0,1.3,4,0.73,Low,High Risk,0,0,0.21207177814029365,0.7044827586206897,High
1518,16,0,0,0,11.86,15,1,4,1,0,0,0,2.64,2,1.69,Medium,High Risk,0,0,0.2052877138413686,0.44634482758620686,Medium
1519,18,1,0,2,18.72,18,0,3,0,0,0,0,1.74,4,2.67,Low,High Risk,0,0,0.08823529411764706,0.5984137931034483,Medium
1520,16,0,0,3,13.56,14,0,2,0,0,0,0,2.02,3,1.94,Medium,High Risk,0,0,0.13873626373626374,0.48765517241379314,Medium
1521,18,1,2,2,8.29,25,0,2,0,1,0,0,0.72,4,1.18,Low,High Risk,0,0,0.077502691065662,0.8452413793103448,High
1522,17,1,3,2,13.79,13,0,3,1,0,0,0,2.27,3,1.97,Medium,High Risk,0,0,0.1534820824881677,0.44196551724137934,Medium
1523,16,0,0,2,6.88,19,1,1,0,0,0,0,1.27,4,0.98,Low,High Risk,0,0,0.16116751269035534,0.6661034482758621,High
1524,17,0,1,1,5.55,9,1,2,0,1,0,0,2.62,2,0.79,Medium,Medium Risk,0,0,0.4,0.32420689655172413,Low
1525,16,0,2,3,19.93,20,0,2,0,0,0,0,1.23,4,2.85,Low,High Risk,0,0,0.058767319636884856,0.6907931034482759,High
1526,17,0,2,3,15.02,11,0,3,0,1,0,1,2.5,3,2.15,Medium,High Risk,0,0,0.1560549313358302,0.37758620689655176,Medium
1527,17,1,0,1,12.89,27,0,3,0,1,0,0,0.7,4,1.84,Low,High Risk,0,0,0.05039596832253419,0.8886206896551725,High
1528,16,1,0,2,7.11,0,0,2,1,1,1,0,3.86,0,1.02,High,Low Risk,0,0,0.47595561035758327,0.014000000000000012,Low
1529,16,0,0,3,0.98,20,0,1,1,0,1,0,0.68,4,0.14,Low,High Risk,0,0,0.3434343434343435,0.7457931034482759,High
1530,16,1,2,4,0.62,16,1,4,0,0,0,0,1.89,4,0.09,Low,High Risk,0,0,1.1666666666666665,0.5420344827586208,Medium
1531,15,0,2,2,11.08,8,1,0,0,1,0,0,2.33,3,1.58,Medium,Medium Risk,0,0,0.19288079470198677,0.3325172413793104,Medium
1532,18,0,0,2,15.24,22,0,0,1,0,1,0,0.88,4,2.18,Low,High Risk,0,0,0.0541871921182266,0.7671724137931035,High
1533,15,1,0,1,10.75,18,0,2,0,0,1,0,1.41,4,1.54,Low,High Risk,0,0,0.12,0.6314137931034483,Medium
1534,15,1,3,4,16.82,24,0,3,0,1,1,1,1.66,4,2.4,Low,High Risk,0,0,0.09315375982042648,0.730551724137931,High
1535,17,1,2,1,0.67,17,0,3,1,0,0,0,1.34,4,0.1,Low,High Risk,0,0,0.8023952095808384,0.6177241379310345,Medium
1536,16,1,3,2,7.34,27,0,4,1,1,0,0,0.66,4,1.05,Low,High Risk,0,0,0.07913669064748202,0.8926206896551725,High
1537,18,1,2,1,4.74,6,0,1,0,0,1,0,2.15,3,0.68,Medium,Medium Risk,0,0,0.37456445993031356,0.3091379310344828,Low
1538,17,1,0,1,8.95,8,0,2,0,0,1,0,2.44,3,1.28,Medium,Medium Risk,0,0,0.24522613065326634,0.32151724137931037,Low
1539,15,1,1,2,1.45,21,0,1,0,0,0,0,0.27,4,0.21,Low,High Risk,0,0,0.11020408163265306,0.8074827586206896,High
1540,16,0,1,4,19.08,25,0,3,0,0,1,0,1.32,4,2.73,Low,High Risk,0,0,0.0657370517928287,0.7852413793103448,High
1541,17,0,0,0,4.47,20,0,2,1,0,0,0,0.82,4,0.64,Low,High Risk,0,0,0.14990859232175502,0.7317931034482759,High
1542,16,0,1,2,18.45,11,0,0,0,1,0,0,2.06,3,2.64,Medium,High Risk,0,0,0.10591259640102828,0.4215862068965517,Medium
1543,17,0,2,0,8.52,6,1,3,1,0,0,0,3.22,1,1.22,Medium,Medium Risk,0,0,0.3382352941176471,0.20213793103448274,Low
1544,16,0,0,1,19.71,13,1,2,0,0,0,0,2.24,3,2.82,Medium,High Risk,0,0,0.10816030902945438,0.4449655172413793,Medium
1545,15,1,2,2,11.08,14,1,2,0,1,0,0,1.91,4,1.58,Low,High Risk,0,0,0.15811258278145696,0.4986551724137931,Medium
1546,18,0,1,2,18.62,14,0,3,0,0,1,0,2.24,3,2.66,Medium,High Risk,0,0,0.11416921508664628,0.4656551724137931,Medium
1547,15,0,3,1,0.11,5,0,1,1,0,0,0,2.25,3,0.02,Medium,Medium Risk,0,0,2.0270270270270268,0.278448275862069,Low
1548,18,0,0,1,14.96,20,0,1,1,1,1,0,1.89,4,2.14,Low,High Risk,0,0,0.11842105263157894,0.6247931034482759,Medium
1549,16,0,0,0,18.06,13,0,1,0,0,1,0,2.21,3,2.58,Medium,High Risk,0,0,0.11594963273871983,0.44796551724137934,Medium
1550,17,0,1,1,2.79,1,1,2,0,1,0,0,3.34,1,0.4,Medium,Low Risk,0,0,0.8812664907651715,0.08668965517241381,Low
1551,15,0,0,4,1.92,7,0,1,1,1,0,0,2.41,3,0.27,Medium,Medium Risk,0,0,0.8253424657534247,0.30382758620689654,Low
1552,18,0,2,3,8.49,12,0,3,0,1,0,0,2.16,3,1.21,Medium,High Risk,0,0,0.22760800842992626,0.4322758620689655,Medium
1553,15,1,2,1,18.67,22,0,1,0,1,0,0,1.17,4,2.67,Low,High Risk,0,0,0.05948144382308083,0.7381724137931034,High
1554,18,1,0,2,10.85,5,0,4,0,0,0,0,2.58,2,1.55,Medium,Medium Risk,0,0,0.2177215189873418,0.24544827586206897,Low
1555,15,0,1,3,10.55,4,1,1,0,1,0,0,3.02,1,1.51,Medium,Low Risk,0,0,0.26147186147186147,0.18075862068965518,Low
1556,18,1,1,0,2.82,4,0,1,1,1,0,1,2.58,2,0.4,Medium,Low Risk,0,0,0.6753926701570682,0.22475862068965516,Low
1557,18,1,0,3,0.02,24,0,1,0,0,0,0,0.23,4,0.0,Low,High Risk,0,0,0.22549019607843138,0.873551724137931,High
1558,16,1,3,3,16.2,0,0,3,1,0,0,0,3.65,0,2.31,High,Low Risk,0,0,0.2122093023255814,0.03500000000000001,Low
